Datetime,open,high,low,close,Volume
2022-02-07 00:00:00+05:30,60.0,64.34,59.44,61.77,208834
2022-02-08 00:00:00+05:30,62.0,63.0,61.55,62.28,65666
2022-02-09 00:00:00+05:30,62.5,63.0,62.01,62.77,156227
2022-02-10 00:00:00+05:30,63.0,64.9,62.2,62.8,341078
2022-02-11 00:00:00+05:30,62.98,62.98,62.02,62.36,670996
2022-02-14 00:00:00+05:30,62.4,66.4,62.4,64.09,755940
2022-02-15 00:00:00+05:30,64.2,64.69,63.1,63.19,998503
2022-02-16 00:00:00+05:30,63.3,63.39,62.85,63.24,257824
2022-02-17 00:00:00+05:30,64.0,64.39,63.1,63.87,366056
2022-02-18 00:00:00+05:30,64.0,64.49,63.61,63.79,479087
2022-02-21 00:00:00+05:30,63.99,63.99,63.25,63.42,174108
2022-02-22 00:00:00+05:30,63.5,64.55,63.5,64.29,482154
2022-02-23 00:00:00+05:30,64.29,64.45,64.0,64.08,518105
2022-02-24 00:00:00+05:30,64.15,67.49,64.15,66.98,851371
2022-02-25 00:00:00+05:30,66.98,66.98,64.51,64.68,473542
2022-02-28 00:00:00+05:30,65.0,65.68,64.7,64.85,278819
2022-03-02 00:00:00+05:30,66.6,67.38,66.6,67.09,671240
2022-03-03 00:00:00+05:30,67.3,68.0,67.03,67.48,278653
2022-03-04 00:00:00+05:30,67.6,67.99,67.22,67.52,572952
2022-03-07 00:00:00+05:30,67.6,70.9,67.6,70.37,2521109
2022-03-08 00:00:00+05:30,71.2,71.97,69.1,70.56,1555427
2022-03-09 00:00:00+05:30,71.58,74.0,70.13,70.65,3069502
2022-03-10 00:00:00+05:30,68.5,69.7,67.5,68.5,1852430
2022-03-11 00:00:00+05:30,68.7,69.95,68.7,69.47,450947
2022-03-14 00:00:00+05:30,69.99,69.99,67.9,68.49,766744
2022-03-15 00:00:00+05:30,68.0,68.0,66.89,66.96,1206446
2022-03-16 00:00:00+05:30,66.96,67.2,66.87,67.14,421069
2022-03-17 00:00:00+05:30,68.25,68.25,67.2,67.55,498307
2022-03-21 00:00:00+05:30,67.75,67.75,67.02,67.35,495028
2022-03-22 00:00:00+05:30,67.8,68.49,67.27,67.47,901527
2022-03-23 00:00:00+05:30,67.3,67.4,66.7,67.34,705057
2022-03-24 00:00:00+05:30,67.8,67.88,67.3,67.52,180506
2022-03-25 00:00:00+05:30,67.8,68.68,67.8,68.6,973088
2022-03-28 00:00:00+05:30,67.0,68.19,67.0,67.35,482797
2022-03-29 00:00:00+05:30,67.5,67.5,66.32,66.39,709264
2022-03-30 00:00:00+05:30,66.66,66.87,66.25,66.65,296240
2022-03-31 00:00:00+05:30,66.65,66.68,65.81,66.3,1513326
2022-04-01 00:00:00+05:30,66.6,66.96,66.55,66.72,290914
2022-04-04 00:00:00+05:30,66.98,66.98,66.0,66.54,563048
2022-04-05 00:00:00+05:30,66.5,66.5,65.9,66.15,587450
2022-04-06 00:00:00+05:30,66.0,66.05,65.46,65.98,448926
2022-04-07 00:00:00+05:30,66.25,66.5,65.71,66.04,490405
2022-04-08 00:00:00+05:30,66.38,66.55,66.06,66.48,268062
2022-04-11 00:00:00+05:30,66.69,67.45,66.4,67.35,316116
2022-04-12 00:00:00+05:30,68.0,68.0,67.26,67.4,915728
2022-04-13 00:00:00+05:30,67.8,69.15,67.8,69.0,812052
2022-04-18 00:00:00+05:30,68.31,69.99,68.31,69.62,940469
2022-04-19 00:00:00+05:30,69.88,69.98,69.31,69.6,579141
2022-04-20 00:00:00+05:30,69.18,69.18,67.86,68.06,707140
2022-04-21 00:00:00+05:30,68.2,68.2,67.35,67.46,581100
2022-04-22 00:00:00+05:30,67.83,67.83,66.15,66.33,1233175
2022-04-25 00:00:00+05:30,66.33,66.33,65.2,65.31,1237896
2022-04-26 00:00:00+05:30,65.6,65.68,65.01,65.42,774433
2022-04-27 00:00:00+05:30,65.6,70.49,64.64,64.98,488290
2022-04-28 00:00:00+05:30,64.98,64.98,63.75,64.25,809968
2022-04-29 00:00:00+05:30,64.4,64.8,64.21,64.57,798571
2022-05-02 00:00:00+05:30,64.45,64.45,62.55,62.83,1779659
2022-05-04 00:00:00+05:30,62.5,62.79,62.35,62.63,720146
2022-05-05 00:00:00+05:30,62.7,64.0,62.7,63.35,519360
2022-05-06 00:00:00+05:30,63.34,63.34,62.02,62.49,799198
2022-05-09 00:00:00+05:30,64.01,64.01,61.85,61.98,522812
2022-05-10 00:00:00+05:30,62.29,62.29,61.38,61.64,451137
2022-05-11 00:00:00+05:30,61.5,61.5,60.21,61.36,553283
2022-05-12 00:00:00+05:30,61.36,61.36,59.89,59.99,2005985
2022-05-13 00:00:00+05:30,59.99,59.99,58.75,59.14,974549
2022-05-16 00:00:00+05:30,59.5,60.2,59.41,59.98,439978
2022-05-17 00:00:00+05:30,60.4,61.5,60.4,61.38,438564
2022-05-18 00:00:00+05:30,61.38,61.99,60.55,61.18,562662
2022-05-19 00:00:00+05:30,61.3,61.99,60.12,60.58,564481
2022-05-20 00:00:00+05:30,61.99,64.96,61.26,61.9,325362
2022-05-23 00:00:00+05:30,63.4,63.69,61.1,62.02,325340
2022-05-24 00:00:00+05:30,61.45,61.57,60.96,61.36,638967
2022-05-25 00:00:00+05:30,61.72,61.9,61.36,61.44,371250
2022-05-26 00:00:00+05:30,61.2,61.38,61.02,61.12,263459
2022-05-27 00:00:00+05:30,61.4,62.8,61.4,62.21,311278
2022-05-30 00:00:00+05:30,62.19,62.49,61.71,61.79,248188
2022-05-31 00:00:00+05:30,61.74,61.74,61.1,61.33,264299
2022-06-01 00:00:00+05:30,64.8,64.8,60.3,60.42,566304
2022-06-02 00:00:00+05:30,64.8,64.8,61.01,61.61,198732
2022-06-03 00:00:00+05:30,61.99,62.35,61.99,62.13,302129
2022-06-06 00:00:00+05:30,62.2,62.29,61.61,62.18,248048
2022-06-07 00:00:00+05:30,62.0,62.0,61.31,61.6,301947
2022-06-08 00:00:00+05:30,61.66,62.08,61.65,61.71,232089
2022-06-09 00:00:00+05:30,61.72,61.97,61.5,61.56,174969
2022-06-10 00:00:00+05:30,60.99,61.02,60.52,60.57,677557
2022-06-13 00:00:00+05:30,61.38,61.38,60.59,60.69,545683
2022-06-14 00:00:00+05:30,64.8,64.8,59.71,59.77,741242
2022-06-15 00:00:00+05:30,60.0,60.6,59.72,60.46,319059
2022-06-16 00:00:00+05:30,61.24,61.24,60.5,60.71,370200
2022-06-17 00:00:00+05:30,60.5,61.45,60.5,61.32,760123
2022-06-20 00:00:00+05:30,61.1,61.1,60.65,60.85,260083
2022-06-21 00:00:00+05:30,61.15,61.15,60.55,60.91,99039
2022-06-22 00:00:00+05:30,60.01,60.6,60.01,60.29,266482
2022-06-23 00:00:00+05:30,60.24,60.39,60.0,60.05,166627
2022-06-24 00:00:00+05:30,60.05,60.05,59.12,59.33,583796
2022-06-27 00:00:00+05:30,59.6,60.65,59.6,60.58,553572
2022-06-28 00:00:00+05:30,60.3,60.41,59.82,60.36,152654
2022-06-29 00:00:00+05:30,59.88,59.88,59.21,59.3,589890
2022-06-30 00:00:00+05:30,59.31,59.38,58.91,58.97,472964
2022-07-01 00:00:00+05:30,59.0,59.6,57.9,57.97,890405
2022-07-04 00:00:00+05:30,58.9,58.94,57.7,58.01,592728
2022-07-05 00:00:00+05:30,58.2,58.8,58.15,58.26,400340
2022-07-06 00:00:00+05:30,64.5,64.5,56.47,57.35,956634
2022-07-07 00:00:00+05:30,57.45,68.0,56.95,57.27,1028593
2022-07-08 00:00:00+05:30,57.9,57.94,56.53,56.69,1295185
2022-07-11 00:00:00+05:30,56.5,57.09,56.5,56.8,891533
2022-07-12 00:00:00+05:30,57.8,57.8,56.15,56.18,929824
2022-07-13 00:00:00+05:30,57.0,57.0,56.15,56.28,397215
2022-07-14 00:00:00+05:30,56.7,56.7,55.98,56.02,819439
2022-07-15 00:00:00+05:30,55.75,55.75,54.26,54.68,1238023
2022-07-18 00:00:00+05:30,55.9,55.98,55.51,55.91,583258
2022-07-19 00:00:00+05:30,55.2,55.69,55.2,55.58,652829
2022-07-20 00:00:00+05:30,56.98,56.98,55.32,55.61,514092
2022-07-21 00:00:00+05:30,55.25,55.25,54.3,54.39,1691298
2022-07-22 00:00:00+05:30,55.11,55.6,54.91,55.2,550531
2022-07-25 00:00:00+05:30,55.0,55.0,54.6,54.85,797112
2022-07-26 00:00:00+05:30,54.45,54.55,54.25,54.3,1249936
2022-07-27 00:00:00+05:30,54.3,54.8,54.25,54.65,609139
2022-07-28 00:00:00+05:30,55.25,56.35,55.25,56.05,1294672
2022-07-29 00:00:00+05:30,56.2,57.9,56.2,57.48,1732405
2022-08-01 00:00:00+05:30,57.6,58.05,57.4,57.95,544001
2022-08-02 00:00:00+05:30,57.7,57.9,57.3,57.5,686348
2022-08-03 00:00:00+05:30,57.05,57.2,56.7,56.9,757053
2022-08-04 00:00:00+05:30,57.0,57.9,57.0,57.85,690670
2022-08-05 00:00:00+05:30,57.9,57.9,57.3,57.35,440322
2022-08-08 00:00:00+05:30,57.1,57.79,57.02,57.65,764577
2022-08-10 00:00:00+05:30,57.8,58.5,57.8,58.35,610260
2022-08-11 00:00:00+05:30,58.2,58.65,58.15,58.5,450696
2022-08-12 00:00:00+05:30,58.5,58.6,58.0,58.1,545848
2022-08-16 00:00:00+05:30,58.1,58.1,57.55,57.65,965913
2022-08-17 00:00:00+05:30,57.8,58.1,57.25,57.35,893724
2022-08-18 00:00:00+05:30,57.1,57.3,56.6,56.9,1010424
2022-08-19 00:00:00+05:30,56.5,56.6,55.5,55.8,2181898
2022-08-22 00:00:00+05:30,55.4,55.6,54.85,54.9,2029492
2022-08-23 00:00:00+05:30,55.0,55.3,54.85,55.1,1414810
2022-08-24 00:00:00+05:30,55.45,55.47,55.12,55.3,647181
2022-08-25 00:00:00+05:30,55.5,55.95,55.4,55.85,843815
2022-08-26 00:00:00+05:30,55.75,55.88,55.42,55.54,1167853
2022-08-29 00:00:00+05:30,55.55,55.55,54.25,54.35,2499956
2022-08-30 00:00:00+05:30,59.8,59.8,54.25,54.35,2468165
2022-09-01 00:00:00+05:30,54.0,54.5,52.1,52.25,7112799
2022-09-02 00:00:00+05:30,52.6,53.0,52.51,52.79,2414732
2022-09-05 00:00:00+05:30,53.0,53.5,52.8,53.4,1133409
2022-09-06 00:00:00+05:30,53.8,53.9,53.5,53.65,1836308
2022-09-07 00:00:00+05:30,53.25,53.4,52.6,53.25,2190490
2022-09-08 00:00:00+05:30,53.6,54.1,53.6,54.0,1744825
2022-09-09 00:00:00+05:30,54.5,54.62,54.31,54.57,1658634
2022-09-12 00:00:00+05:30,54.7,55.6,54.6,55.55,1383071
2022-09-13 00:00:00+05:30,55.65,56.85,55.65,56.75,2295092
2022-09-14 00:00:00+05:30,55.9,56.25,55.75,56.2,1072002
2022-09-15 00:00:00+05:30,56.4,56.4,55.9,56.2,534356
2022-09-16 00:00:00+05:30,55.74,55.89,54.61,54.93,1708157
2022-09-19 00:00:00+05:30,55.5,56.4,55.5,55.9,683189
2022-09-20 00:00:00+05:30,56.2,56.35,55.9,56.0,532699
2022-09-21 00:00:00+05:30,56.0,56.5,55.75,56.4,1288593
2022-09-22 00:00:00+05:30,56.4,57.2,56.25,57.15,1686839
2022-09-23 00:00:00+05:30,57.35,57.44,56.43,56.54,902307
2022-09-26 00:00:00+05:30,53.0,55.5,53.0,55.25,2233696
2022-09-27 00:00:00+05:30,54.95,55.35,54.6,55.05,923728
2022-09-28 00:00:00+05:30,54.9,54.9,53.9,54.0,1530786
2022-09-29 00:00:00+05:30,54.5,55.6,54.5,55.45,1149251
2022-09-30 00:00:00+05:30,55.7,56.35,55.42,56.12,1020843
2022-10-03 00:00:00+05:30,56.3,57.2,56.3,56.9,1335269
2022-10-04 00:00:00+05:30,58.9,60.6,58.9,60.2,5660622
2022-10-06 00:00:00+05:30,59.5,60.4,46.15,59.85,1766264
2022-10-07 00:00:00+05:30,60.41,60.64,60.2,60.48,1294743
2022-10-10 00:00:00+05:30,61.0,61.0,58.0,58.25,2216039
2022-10-11 00:00:00+05:30,58.0,58.0,57.1,57.2,1038812
2022-10-12 00:00:00+05:30,56.95,57.2,56.75,57.15,891584
2022-10-13 00:00:00+05:30,56.9,57.0,56.45,56.9,1873535
2022-10-14 00:00:00+05:30,56.58,56.74,55.7,55.95,2230227
2022-10-17 00:00:00+05:30,56.0,61.0,55.0,55.5,2747782
2022-10-18 00:00:00+05:30,56.0,56.3,55.6,55.85,1608767
2022-10-19 00:00:00+05:30,56.0,56.15,55.4,55.7,1052779
2022-10-20 00:00:00+05:30,55.25,55.9,55.25,55.8,796531
2022-10-21 00:00:00+05:30,56.0,56.0,55.25,55.35,2982293
2022-10-24 00:00:00+05:30,57.0,57.05,56.25,56.95,1282702
2022-10-25 00:00:00+05:30,56.95,57.2,56.3,56.5,1326949
2022-10-27 00:00:00+05:30,60.0,60.0,56.5,57.35,1786352
2022-10-28 00:00:00+05:30,57.76,57.85,57.1,57.3,1275189
2022-10-31 00:00:00+05:30,57.25,57.3,56.75,57.1,1413676
2022-11-01 00:00:00+05:30,57.7,58.55,57.5,58.4,2627898
2022-11-02 00:00:00+05:30,58.3,58.6,58.25,58.35,997288
2022-11-03 00:00:00+05:30,58.35,58.35,56.85,57.0,2268065
2022-11-04 00:00:00+05:30,57.49,58.42,57.49,58.32,1849262
2022-11-07 00:00:00+05:30,59.6,60.1,59.2,59.95,3598986
2022-11-09 00:00:00+05:30,60.9,61.8,60.45,60.75,2842850
2022-11-10 00:00:00+05:30,60.75,60.75,60.0,60.55,1306491
2022-11-11 00:00:00+05:30,62.21,62.21,60.91,61.58,2853016
2022-11-14 00:00:00+05:30,61.45,61.6,60.9,61.15,1374080
2022-11-15 00:00:00+05:30,61.5,62.05,61.5,61.8,1489855
2022-11-16 00:00:00+05:30,61.5,61.7,61.0,61.55,1432539
2022-11-17 00:00:00+05:30,60.85,60.95,60.55,60.6,1205090
2022-11-18 00:00:00+05:30,60.84,60.9,60.49,60.82,823261
2022-11-21 00:00:00+05:30,61.8,61.8,59.85,59.95,1532697
2022-11-22 00:00:00+05:30,60.4,60.9,60.4,60.8,1202865
2022-11-23 00:00:00+05:30,60.8,61.05,60.45,60.75,1745016
2022-11-24 00:00:00+05:30,61.0,61.6,61.0,61.45,1191746
2022-11-25 00:00:00+05:30,61.8,61.8,61.0,61.1,1323604
2022-11-28 00:00:00+05:30,60.1,61.6,60.1,61.45,1372688
2022-11-29 00:00:00+05:30,61.4,61.4,61.0,61.2,1382595
2022-11-30 00:00:00+05:30,61.4,61.45,61.1,61.3,656779
2022-12-01 00:00:00+05:30,62.0,63.0,62.0,62.55,2814423
2022-12-02 00:00:00+05:30,62.9,63.95,62.9,63.75,2931311
2022-12-05 00:00:00+05:30,64.0,65.3,64.0,65.1,2634812
2022-12-06 00:00:00+05:30,64.4,64.4,63.8,64.1,2345153
2022-12-07 00:00:00+05:30,64.0,64.15,63.8,63.85,1596445
2022-12-08 00:00:00+05:30,65.0,65.0,64.15,64.55,931330
2022-12-09 00:00:00+05:30,65.7,65.8,65.1,65.3,1803394
2022-12-12 00:00:00+05:30,65.0,66.25,65.0,66.1,1920959
2022-12-13 00:00:00+05:30,66.25,66.25,66.0,66.1,1087122
2022-12-14 00:00:00+05:30,66.51,67.03,66.51,66.68,1287396
2022-12-15 00:00:00+05:30,66.5,66.5,65.5,65.55,1503076
2022-12-16 00:00:00+05:30,65.7,65.75,64.75,64.9,1463243
2022-12-19 00:00:00+05:30,65.6,66.2,65.6,66.1,1140849
2022-12-20 00:00:00+05:30,65.9,67.2,65.5,67.0,1733223
2022-12-21 00:00:00+05:30,67.45,67.85,67.35,67.4,1662662
2022-12-22 00:00:00+05:30,67.5,67.6,66.75,66.9,3035643
2022-12-23 00:00:00+05:30,66.7,66.85,66.45,66.75,1173440
2022-12-26 00:00:00+05:30,66.85,67.0,66.65,66.7,483561
2022-12-27 00:00:00+05:30,67.25,68.0,66.95,67.95,1204495
2022-12-28 00:00:00+05:30,67.79,67.79,66.81,66.96,1037369
2022-12-29 00:00:00+05:30,66.89,67.13,66.69,66.96,791712
2022-12-30 00:00:00+05:30,67.68,67.75,67.2,67.23,1278013
2023-01-02 00:00:00+05:30,67.78,67.78,67.33,67.69,589562
2023-01-03 00:00:00+05:30,67.98,68.9,67.98,68.67,1559415
2023-01-04 00:00:00+05:30,68.29,68.8,68.08,68.73,1075915
2023-01-05 00:00:00+05:30,67.89,67.89,66.4,66.92,2209592
2023-01-06 00:00:00+05:30,67.0,67.19,66.8,66.88,1217957
2023-01-09 00:00:00+05:30,67.51,68.5,67.51,67.95,877040
2023-01-10 00:00:00+05:30,68.0,68.01,66.7,67.08,794149
2023-01-11 00:00:00+05:30,67.08,67.69,67.02,67.54,674649
2023-01-12 00:00:00+05:30,67.5,67.5,66.89,67.25,1108209
2023-01-13 00:00:00+05:30,67.21,67.5,66.82,67.18,2143703
2023-01-16 00:00:00+05:30,68.01,68.35,68.01,68.26,1292119
2023-01-17 00:00:00+05:30,68.45,68.51,67.98,68.05,1284553
2023-01-18 00:00:00+05:30,68.01,68.38,67.85,68.2,795382
2023-01-19 00:00:00+05:30,68.07,68.07,66.53,66.74,1986369
2023-01-20 00:00:00+05:30,67.41,67.89,67.1,67.59,892881
2023-01-23 00:00:00+05:30,67.87,67.98,67.34,67.63,1476635
2023-01-24 00:00:00+05:30,67.7,67.7,67.02,67.31,808166
2023-01-25 00:00:00+05:30,67.3,67.39,67.1,67.25,620850
2023-01-27 00:00:00+05:30,67.86,67.86,67.32,67.47,755828
2023-01-30 00:00:00+05:30,67.46,67.68,67.36,67.45,514927
2023-01-31 00:00:00+05:30,67.57,67.57,66.92,66.98,787228
2023-02-01 00:00:00+05:30,67.75,69.1,67.5,68.71,2529810
2023-02-02 00:00:00+05:30,69.52,70.76,69.51,70.6,1564567
2023-02-03 00:00:00+05:30,69.48,69.48,68.61,68.88,1291238
2023-02-06 00:00:00+05:30,67.5,67.5,66.8,66.9,1781332
2023-02-07 00:00:00+05:30,66.7,66.95,66.62,66.81,1033795
2023-02-08 00:00:00+05:30,66.79,67.08,66.61,66.84,635053
2023-02-09 00:00:00+05:30,66.84,67.02,66.64,66.74,441182
2023-02-10 00:00:00+05:30,66.19,66.47,65.59,66.06,1220929
2023-02-13 00:00:00+05:30,66.0,66.0,65.51,65.62,665085
2023-02-14 00:00:00+05:30,65.79,65.95,65.46,65.56,550186
2023-02-15 00:00:00+05:30,65.47,65.47,64.72,64.8,852011
2023-02-16 00:00:00+05:30,66.3,66.3,64.82,64.98,1075574
2023-02-17 00:00:00+05:30,65.04,65.04,63.97,64.11,1315070
2023-02-20 00:00:00+05:30,64.5,65.44,64.5,65.33,720404
2023-02-21 00:00:00+05:30,67.3,67.3,64.96,65.12,540926
2023-02-22 00:00:00+05:30,65.43,65.48,65.14,65.22,2802219
2023-02-23 00:00:00+05:30,64.89,65.13,64.42,64.53,1033456
2023-02-24 00:00:00+05:30,64.71,64.71,63.69,63.9,977374
2023-02-27 00:00:00+05:30,63.96,63.96,62.29,62.91,1077495
2023-02-28 00:00:00+05:30,62.91,62.91,62.22,62.48,941958
2023-03-01 00:00:00+05:30,63.42,64.09,63.42,63.76,564090
2023-03-02 00:00:00+05:30,63.59,63.62,63.15,63.21,545485
2023-03-03 00:00:00+05:30,63.78,63.78,63.32,63.54,741512
2023-03-06 00:00:00+05:30,63.9,63.99,63.58,63.76,466129
2023-03-08 00:00:00+05:30,62.5,62.5,60.95,61.3,3575757
2023-03-09 00:00:00+05:30,61.49,61.49,60.88,60.94,2918665
2023-03-10 00:00:00+05:30,60.98,61.32,60.79,61.26,3709998
2023-03-13 00:00:00+05:30,61.98,63.37,61.98,63.1,2040648
2023-03-14 00:00:00+05:30,64.66,65.85,64.66,64.91,3279949
2023-03-15 00:00:00+05:30,65.31,65.65,65.1,65.4,1141787
2023-03-16 00:00:00+05:30,65.52,66.38,65.51,66.24,2627036
2023-03-17 00:00:00+05:30,66.11,66.29,65.75,65.89,1245181
2023-03-20 00:00:00+05:30,66.82,68.06,66.81,67.59,4585255
2023-03-21 00:00:00+05:30,67.6,67.97,67.15,67.36,1375348
2023-03-22 00:00:00+05:30,67.27,67.58,67.02,67.4,739684
2023-03-23 00:00:00+05:30,68.02,68.57,68.02,68.26,3425225
2023-03-24 00:00:00+05:30,68.56,69.15,68.53,69.1,1664890
2023-03-27 00:00:00+05:30,68.89,69.05,68.32,68.38,2228727
2023-03-28 00:00:00+05:30,68.58,68.72,68.14,68.4,1921725
2023-03-29 00:00:00+05:30,68.7,69.28,68.7,69.2,914486
2023-03-31 00:00:00+05:30,70.11,70.78,70.11,70.6,2647555
2023-04-03 00:00:00+05:30,69.01,70.52,68.55,70.39,3089356
2023-04-05 00:00:00+05:30,72.6,73.5,72.6,72.95,4590955
2023-04-06 00:00:00+05:30,72.9,73.35,72.55,73.22,2019373
2023-04-10 00:00:00+05:30,72.98,73.38,72.75,73.24,1369637
2023-04-11 00:00:00+05:30,73.2,73.76,73.12,73.57,1875856
2023-04-12 00:00:00+05:30,74.2,74.51,73.64,73.85,7650952
2023-04-13 00:00:00+05:30,74.47,75.0,74.42,74.86,1936956
2023-04-17 00:00:00+05:30,74.86,74.91,74.03,74.64,1414210
2023-04-18 00:00:00+05:30,73.98,73.98,73.14,73.68,1048680
2023-04-19 00:00:00+05:30,73.92,74.38,72.9,73.0,1413138
2023-04-20 00:00:00+05:30,73.81,74.78,73.8,74.57,2250752
2023-04-21 00:00:00+05:30,74.58,74.58,73.74,73.94,1070952
2023-04-24 00:00:00+05:30,73.57,73.78,73.14,73.64,1334175
2023-04-25 00:00:00+05:30,74.04,74.07,73.63,73.73,1108973
2023-04-26 00:00:00+05:30,73.69,73.73,73.29,73.51,1418087
2023-04-27 00:00:00+05:30,73.1,74.13,73.1,73.45,848004
2023-04-28 00:00:00+05:30,73.28,73.31,72.86,73.08,1068007
2023-05-02 00:00:00+05:30,73.08,73.48,72.86,72.99,861052
2023-05-03 00:00:00+05:30,74.11,74.51,74.1,74.41,1044236
2023-05-04 00:00:00+05:30,75.05,75.41,74.83,75.15,1327246
2023-05-05 00:00:00+05:30,75.86,76.27,75.85,75.93,994838
2023-05-08 00:00:00+05:30,75.39,75.47,75.19,75.25,1046115
2023-05-09 00:00:00+05:30,75.55,75.55,74.8,75.23,731023
2023-05-10 00:00:00+05:30,75.74,75.74,75.32,75.42,377002
2023-05-11 00:00:00+05:30,75.42,75.42,73.6,73.89,1580917
2023-05-12 00:00:00+05:30,71.9,72.15,70.75,71.09,3046589
2023-05-15 00:00:00+05:30,71.89,72.0,71.21,71.83,987906
2023-05-16 00:00:00+05:30,71.88,71.88,70.99,71.25,1148614
2023-05-17 00:00:00+05:30,71.19,71.22,70.8,70.95,647207
2023-05-18 00:00:00+05:30,70.99,71.1,70.41,70.67,1054982
2023-05-19 00:00:00+05:30,71.3,71.41,70.81,71.21,1354322
2023-05-22 00:00:00+05:30,71.69,71.78,71.17,71.68,1060980
2023-05-23 00:00:00+05:30,71.4,71.4,69.84,69.92,2457290
2023-05-24 00:00:00+05:30,70.4,70.68,70.13,70.42,520238
2023-05-25 00:00:00+05:30,69.65,69.79,69.32,69.72,1169701
2023-05-26 00:00:00+05:30,69.62,69.86,69.25,69.75,1439666
2023-05-29 00:00:00+05:30,70.99,70.99,69.86,70.2,870089
2023-05-30 00:00:00+05:30,70.21,70.21,69.36,69.96,977228
2023-05-31 00:00:00+05:30,71.0,71.0,69.76,70.18,979363
2023-06-01 00:00:00+05:30,70.49,70.75,70.01,70.3,876593
2023-06-02 00:00:00+05:30,71.31,71.59,71.31,71.48,1380301
2023-06-05 00:00:00+05:30,71.12,71.12,70.41,70.63,720149
2023-06-06 00:00:00+05:30,70.89,71.05,70.5,70.73,799357
2023-06-07 00:00:00+05:30,72.85,72.85,70.32,70.71,793472
2023-06-08 00:00:00+05:30,70.89,71.18,70.61,71.06,673758
2023-06-09 00:00:00+05:30,72.11,72.9,72.11,72.66,1822390
2023-06-12 00:00:00+05:30,73.0,73.0,72.0,72.35,781035
2023-06-13 00:00:00+05:30,72.27,72.35,72.0,72.27,529486
2023-06-14 00:00:00+05:30,71.7,71.7,71.14,71.48,830390
2023-06-15 00:00:00+05:30,71.14,71.14,69.89,70.12,2142241
2023-06-16 00:00:00+05:30,71.13,71.6,70.96,71.49,973105
2023-06-19 00:00:00+05:30,71.79,71.91,71.47,71.74,690244
2023-06-20 00:00:00+05:30,71.75,71.75,71.32,71.45,538380
2023-06-21 00:00:00+05:30,71.5,71.5,69.18,69.36,4584023
2023-06-22 00:00:00+05:30,68.3,68.45,67.82,68.09,3088872
2023-06-23 00:00:00+05:30,66.99,67.52,66.95,67.41,3082049
2023-06-26 00:00:00+05:30,68.0,68.6,68.0,68.48,1151777
2023-06-27 00:00:00+05:30,69.88,69.88,68.66,68.8,784512
2023-06-28 00:00:00+05:30,68.8,68.85,68.22,68.45,965946
2023-06-30 00:00:00+05:30,68.54,68.54,67.35,67.57,2415830
2023-07-03 00:00:00+05:30,68.25,68.64,68.12,68.54,2025564
2023-07-04 00:00:00+05:30,68.76,69.09,68.7,69.08,775828
2023-07-05 00:00:00+05:30,68.94,69.1,68.64,68.92,1259771
2023-07-06 00:00:00+05:30,69.51,70.05,69.51,69.74,1937350
2023-07-07 00:00:00+05:30,68.98,69.0,68.73,68.94,1361935
2023-07-10 00:00:00+05:30,72.39,72.39,69.51,69.68,1161691
2023-07-11 00:00:00+05:30,73.13,73.13,69.8,70.0,1185712
2023-07-12 00:00:00+05:30,70.09,70.11,69.76,69.89,417321
2023-07-13 00:00:00+05:30,71.83,72.24,71.77,72.07,4576369
2023-07-14 00:00:00+05:30,73.5,73.84,73.33,73.61,2972875
2023-07-17 00:00:00+05:30,73.53,74.02,73.53,73.81,1413693
2023-07-18 00:00:00+05:30,73.88,74.25,73.81,74.02,1274798
2023-07-19 00:00:00+05:30,74.05,74.45,74.05,74.44,953592
2023-07-20 00:00:00+05:30,74.68,74.87,74.5,74.76,957020
2023-07-21 00:00:00+05:30,74.15,74.15,73.36,73.57,1094566
2023-07-24 00:00:00+05:30,73.65,73.65,72.88,73.19,1100213
2023-07-25 00:00:00+05:30,73.28,73.35,72.76,73.25,611565
2023-07-26 00:00:00+05:30,73.41,73.64,73.22,73.6,727691
2023-07-27 00:00:00+05:30,74.22,74.48,74.1,74.13,1068915
2023-07-28 00:00:00+05:30,72.8,72.8,72.22,72.44,2025668
2023-07-31 00:00:00+05:30,73.74,73.74,72.43,72.7,637584
2023-08-01 00:00:00+05:30,73.51,73.69,73.19,73.37,1040251
2023-08-02 00:00:00+05:30,73.1,73.13,72.82,73.0,934675
2023-08-03 00:00:00+05:30,72.97,72.97,70.9,71.2,3206858
2023-08-04 00:00:00+05:30,71.23,71.37,70.84,71.21,1259985
2023-08-07 00:00:00+05:30,71.15,71.18,70.94,70.98,946372
2023-08-08 00:00:00+05:30,70.49,70.49,70.1,70.37,1950034
2023-08-09 00:00:00+05:30,71.13,71.13,69.35,69.42,2825037
2023-08-10 00:00:00+05:30,69.61,69.65,69.05,69.49,1657260
2023-08-11 00:00:00+05:30,72.18,72.18,69.11,69.2,2025160
2023-08-14 00:00:00+05:30,69.2,69.8,69.04,69.36,1287936
2023-08-16 00:00:00+05:30,69.33,69.74,69.2,69.68,981854
2023-08-17 00:00:00+05:30,69.69,69.69,68.8,69.25,3221644
2023-08-18 00:00:00+05:30,69.6,69.85,69.45,69.65,1281197
2023-08-21 00:00:00+05:30,69.7,69.85,69.53,69.83,1156768
2023-08-22 00:00:00+05:30,70.61,71.01,70.61,71.0,1705630
2023-08-23 00:00:00+05:30,71.18,71.8,71.18,71.56,2644114
2023-08-24 00:00:00+05:30,72.0,72.8,72.0,72.55,2917260
2023-08-25 00:00:00+05:30,71.99,72.7,71.99,72.58,1532658
2023-08-28 00:00:00+05:30,72.56,72.67,72.45,72.46,701323
2023-08-29 00:00:00+05:30,72.71,72.88,72.56,72.72,860543
2023-08-30 00:00:00+05:30,73.35,73.56,73.35,73.55,1973402
2023-08-31 00:00:00+05:30,73.5,73.5,73.1,73.34,981175
2023-09-01 00:00:00+05:30,73.3,73.61,72.86,73.55,1554996
2023-09-04 00:00:00+05:30,73.6,73.6,72.35,72.43,2654036
2023-09-05 00:00:00+05:30,72.2,72.2,71.11,71.23,2758623
2023-09-06 00:00:00+05:30,71.48,71.5,70.86,71.12,1732555
2023-09-07 00:00:00+05:30,70.4,70.5,70.17,70.4,3289103
2023-09-08 00:00:00+05:30,70.41,70.49,70.04,70.17,3130300
2023-09-11 00:00:00+05:30,70.36,70.99,70.05,70.61,2529960
2023-09-12 00:00:00+05:30,70.61,70.84,70.2,70.29,1995787
2023-09-13 00:00:00+05:30,70.29,70.35,69.78,70.05,2417194
2023-09-14 00:00:00+05:30,70.06,70.15,69.06,69.26,5413916
2023-09-15 00:00:00+05:30,70.02,70.8,69.87,70.73,2185132
2023-09-18 00:00:00+05:30,71.36,71.36,70.74,71.08,1937237
2023-09-20 00:00:00+05:30,71.0,71.24,70.8,71.08,1801867
2023-09-21 00:00:00+05:30,71.09,71.14,70.71,70.93,1536175
2023-09-22 00:00:00+05:30,71.33,72.03,71.32,71.83,3853615
2023-09-25 00:00:00+05:30,71.89,71.97,71.42,71.71,2206114
2023-09-26 00:00:00+05:30,70.55,70.64,70.12,70.53,3096159
2023-09-27 00:00:00+05:30,70.0,70.13,69.75,69.97,2388217
2023-09-28 00:00:00+05:30,69.5,69.64,69.28,69.6,2514192
2023-09-29 00:00:00+05:30,70.24,70.73,70.0,70.56,1301328
2023-10-03 00:00:00+05:30,67.48,68.43,66.1,67.73,14049138
2023-10-04 00:00:00+05:30,69.5,69.5,66.94,67.06,7707877
2023-10-05 00:00:00+05:30,67.0,67.58,66.88,67.39,4110952
2023-10-06 00:00:00+05:30,67.29,68.4,67.18,68.25,2889866
2023-10-09 00:00:00+05:30,68.5,69.7,68.32,69.31,5071774
2023-10-10 00:00:00+05:30,69.31,69.68,69.0,69.45,5033079
2023-10-11 00:00:00+05:30,70.1,71.55,69.24,69.52,2620365
2023-10-12 00:00:00+05:30,69.79,69.79,68.77,68.9,4911861
2023-10-13 00:00:00+05:30,68.68,68.88,68.45,68.69,2124707
2023-10-16 00:00:00+05:30,70.39,70.4,69.35,69.72,4341776
2023-10-17 00:00:00+05:30,69.79,69.91,69.45,69.8,2750680
2023-10-18 00:00:00+05:30,70.31,70.94,70.31,70.85,3743207
2023-10-19 00:00:00+05:30,70.49,70.65,70.1,70.28,2345762
2023-10-20 00:00:00+05:30,70.5,70.9,70.08,70.76,2193812
2023-10-23 00:00:00+05:30,70.76,71.14,70.51,70.92,4229666
2023-10-25 00:00:00+05:30,70.48,70.51,69.75,70.01,1775611
2023-10-26 00:00:00+05:30,70.3,70.7,70.11,70.59,3035432
2023-10-27 00:00:00+05:30,70.45,70.46,70.1,70.17,1283657
2023-10-30 00:00:00+05:30,70.61,71.0,70.47,70.85,2142651
2023-10-31 00:00:00+05:30,70.9,71.1,70.73,71.04,1906181
2023-11-01 00:00:00+05:30,69.99,69.99,69.51,69.84,2636960
2023-11-02 00:00:00+05:30,70.39,70.8,70.31,70.68,1295164
2023-11-03 00:00:00+05:30,70.18,70.18,69.7,69.82,6998617
2023-11-06 00:00:00+05:30,70.79,70.85,70.52,70.77,3077508
2023-11-07 00:00:00+05:30,70.39,70.45,69.75,70.04,3627229
2023-11-08 00:00:00+05:30,70.04,70.04,69.12,69.37,3435748
2023-11-09 00:00:00+05:30,69.29,69.3,69.02,69.22,2106050
2023-11-10 00:00:00+05:30,69.71,69.96,69.6,69.69,2416828
2023-11-12 00:00:00+05:30,70.34,70.35,69.05,69.13,2346110
2023-11-13 00:00:00+05:30,68.78,68.89,68.4,68.63,3933206
2023-11-15 00:00:00+05:30,68.3,70.94,68.3,70.86,7257773
2023-11-16 00:00:00+05:30,70.98,71.54,70.81,71.42,4426100
2023-11-17 00:00:00+05:30,69.3,72.4,69.3,72.27,5847598
2023-11-20 00:00:00+05:30,72.26,72.26,71.47,71.58,1739741
2023-11-21 00:00:00+05:30,71.99,72.05,71.52,71.58,1267609
2023-11-22 00:00:00+05:30,71.59,72.29,71.51,72.18,2281078
2023-11-23 00:00:00+05:30,75.79,75.79,71.71,71.9,966015
2023-11-24 00:00:00+05:30,71.9,72.06,71.67,71.87,1004510
2023-11-28 00:00:00+05:30,72.9,73.98,72.9,73.41,5105403
2023-11-29 00:00:00+05:30,73.74,74.43,73.74,74.08,4314951
2023-11-30 00:00:00+05:30,74.14,74.85,74.13,74.61,3007969
2023-12-01 00:00:00+05:30,74.89,75.27,74.75,75.21,2668865
2023-12-04 00:00:00+05:30,75.22,75.8,74.8,75.15,2644739
2023-12-05 00:00:00+05:30,74.26,74.27,73.51,73.64,2794509
2023-12-06 00:00:00+05:30,73.82,73.82,72.97,73.04,2849540
2023-12-07 00:00:00+05:30,72.6,72.9,72.38,72.82,2208499
2023-12-08 00:00:00+05:30,72.77,73.0,72.35,72.44,2980691
2023-12-11 00:00:00+05:30,71.39,71.4,70.3,70.35,11275445
2023-12-12 00:00:00+05:30,70.51,70.59,70.2,70.26,5638945
2023-12-13 00:00:00+05:30,70.11,70.11,69.55,69.69,5702772
2023-12-14 00:00:00+05:30,71.51,72.8,71.51,72.57,8231907
2023-12-15 00:00:00+05:30,72.63,72.9,72.5,72.82,2875579
2023-12-18 00:00:00+05:30,72.79,72.79,72.21,72.51,1604289
2023-12-19 00:00:00+05:30,72.48,72.48,72.0,72.38,1415724
2023-12-20 00:00:00+05:30,73.6,73.6,72.61,72.66,1606445
2023-12-21 00:00:00+05:30,73.0,73.32,73.0,73.14,2534868
2023-12-22 00:00:00+05:30,73.37,73.6,73.2,73.48,1708101
2023-12-26 00:00:00+05:30,73.48,73.6,73.25,73.31,1812463
2023-12-27 00:00:00+05:30,73.29,73.3,72.95,73.06,1463384
2023-12-28 00:00:00+05:30,73.36,73.65,73.15,73.39,1597282
2023-12-29 00:00:00+05:30,73.3,73.3,72.14,72.18,3924324
2024-01-01 00:00:00+05:30,72.8,72.8,71.98,72.48,1371577
2024-01-02 00:00:00+05:30,72.5,73.15,72.5,73.01,1613569
2024-01-03 00:00:00+05:30,72.4,72.4,71.55,71.59,4680855
2024-01-04 00:00:00+05:30,70.9,70.99,70.51,70.69,8451612
2024-01-05 00:00:00+05:30,70.99,71.25,70.49,70.53,5043431
2024-01-08 00:00:00+05:30,70.99,70.99,70.34,70.42,2439276
2024-01-09 00:00:00+05:30,70.88,71.08,70.55,70.87,1873889
2024-01-10 00:00:00+05:30,70.87,70.87,70.12,70.49,2530338
2024-01-11 00:00:00+05:30,70.5,70.58,70.25,70.43,1486123
2024-01-12 00:00:00+05:30,70.43,70.43,70.06,70.25,3290966
2024-01-15 00:00:00+05:30,70.91,71.14,70.9,70.99,2247751
2024-01-16 00:00:00+05:30,71.0,71.0,70.58,70.7,1172651
2024-01-17 00:00:00+05:30,70.71,70.71,69.87,70.07,3722396
2024-01-18 00:00:00+05:30,70.07,70.07,69.69,69.85,3091906
2024-01-19 00:00:00+05:30,70.03,70.29,70.0,70.16,2406803
2024-01-20 00:00:00+05:30,70.53,70.54,69.9,70.12,966813
2024-01-23 00:00:00+05:30,70.1,70.1,69.3,69.43,3831096
2024-01-24 00:00:00+05:30,69.66,70.2,69.35,70.13,1959253
2024-01-25 00:00:00+05:30,70.04,70.3,70.0,70.12,1071846
2024-01-29 00:00:00+05:30,70.39,71.7,70.2,70.43,1122290
2024-01-30 00:00:00+05:30,70.9,70.9,70.55,70.78,1753973
2024-01-31 00:00:00+05:30,70.78,70.79,70.53,70.59,808554
2024-02-01 00:00:00+05:30,70.6,70.6,69.61,70.04,2302916
2024-02-02 00:00:00+05:30,70.68,71.0,70.41,70.79,2206040
2024-02-05 00:00:00+05:30,70.79,70.79,69.11,69.22,5917562
2024-02-06 00:00:00+05:30,69.1,69.33,68.96,69.0,4261394
2024-02-07 00:00:00+05:30,69.58,69.58,68.71,68.85,3492402
2024-02-08 00:00:00+05:30,68.89,69.04,68.69,68.9,2220095
2024-02-09 00:00:00+05:30,69.32,69.65,69.32,69.54,2012516
2024-02-12 00:00:00+05:30,69.55,70.21,69.5,69.87,2385609
2024-02-13 00:00:00+05:30,69.78,70.07,69.51,70.02,1470251
2024-02-14 00:00:00+05:30,68.4,68.4,67.71,67.92,8603909
2024-02-15 00:00:00+05:30,68.72,69.2,68.64,69.13,2270736
2024-02-16 00:00:00+05:30,69.9,69.98,69.75,69.91,2236982
2024-02-19 00:00:00+05:30,70.11,70.2,69.92,70.01,6171734
2024-02-20 00:00:00+05:30,69.79,69.9,69.61,69.8,1065769
2024-02-21 00:00:00+05:30,70.09,70.09,69.58,69.67,4841962
2024-02-22 00:00:00+05:30,69.39,69.87,69.19,69.66,960932
2024-02-23 00:00:00+05:30,69.13,69.15,68.75,68.77,3937282
2024-02-26 00:00:00+05:30,69.47,69.47,68.81,68.86,1054784
2024-02-27 00:00:00+05:30,68.9,68.9,68.41,68.68,2304620
2024-02-28 00:00:00+05:30,67.02,68.53,67.0,68.01,3644998
2024-02-29 00:00:00+05:30,68.39,68.68,68.06,68.29,1322789
2024-03-01 00:00:00+05:30,68.74,68.98,68.6,68.84,2199774
2024-03-02 00:00:00+05:30,68.99,69.48,68.99,69.4,784962
2024-03-04 00:00:00+05:30,69.98,69.98,69.11,69.65,2615918
2024-03-05 00:00:00+05:30,70.16,71.15,70.16,71.06,8238315
2024-03-06 00:00:00+05:30,71.04,71.04,70.21,70.66,2909291
2024-03-07 00:00:00+05:30,71.0,71.49,71.0,71.27,3808814
2024-03-11 00:00:00+05:30,72.33,72.33,71.3,71.77,6658298
2024-03-12 00:00:00+05:30,71.77,72.06,71.26,71.95,3701081
2024-03-13 00:00:00+05:30,71.59,71.6,71.12,71.26,4232600
2024-03-14 00:00:00+05:30,72.06,72.86,72.06,72.55,6279237
2024-03-15 00:00:00+05:30,72.56,72.8,72.41,72.73,4952028
2024-03-18 00:00:00+05:30,72.6,72.82,72.27,72.66,4407074
2024-03-19 00:00:00+05:30,72.89,72.89,72.25,72.43,2429850
2024-03-20 00:00:00+05:30,72.72,72.72,72.39,72.5,2127493
2024-03-21 00:00:00+05:30,73.26,73.89,73.26,73.78,7495607
2024-03-22 00:00:00+05:30,72.68,72.69,72.08,72.47,7622247
2024-03-26 00:00:00+05:30,72.55,73.02,72.29,72.83,2472612
2024-03-27 00:00:00+05:30,72.5,72.55,72.11,72.34,2107826
2024-03-28 00:00:00+05:30,72.42,72.81,72.26,72.42,2496483
2024-04-01 00:00:00+05:30,73.55,74.2,73.14,74.03,8145835
2024-04-02 00:00:00+05:30,74.4,75.21,74.04,75.04,6802523
2024-04-03 00:00:00+05:30,76.06,76.94,75.81,76.17,13610680
2024-04-04 00:00:00+05:30,77.11,78.1,77.1,78.03,9851806
2024-04-05 00:00:00+05:30,77.8,78.0,77.01,77.87,10071915
2024-04-08 00:00:00+05:30,79.3,80.71,79.21,80.53,11701802
2024-04-09 00:00:00+05:30,80.98,81.14,80.16,81.01,9664307
2024-04-10 00:00:00+05:30,81.47,81.47,80.8,80.92,6193756
2024-04-12 00:00:00+05:30,82.5,82.98,81.51,82.86,9403073
2024-04-15 00:00:00+05:30,81.98,82.17,81.0,81.46,7857189
2024-04-16 00:00:00+05:30,82.02,82.6,81.58,81.83,4969587
2024-04-18 00:00:00+05:30,81.83,82.0,81.52,81.79,4114979
2024-04-19 00:00:00+05:30,81.97,81.98,81.26,81.55,3107884
2024-04-22 00:00:00+05:30,80.83,80.93,79.76,80.28,7831569
2024-04-23 00:00:00+05:30,78.57,78.75,78.1,78.57,15864651
2024-04-24 00:00:00+05:30,79.6,80.06,78.95,79.11,3831935
2024-04-25 00:00:00+05:30,78.61,79.56,78.61,79.34,3785425
2024-04-26 00:00:00+05:30,79.69,80.06,79.41,79.92,3017395
2024-04-29 00:00:00+05:30,79.45,79.54,79.05,79.43,3528177
2024-04-30 00:00:00+05:30,78.99,78.99,78.26,78.56,4076323
2024-05-02 00:00:00+05:30,78.56,79.0,78.21,78.43,4406629
2024-05-03 00:00:00+05:30,78.61,79.07,78.43,78.66,3569321
2024-05-06 00:00:00+05:30,79.6,81.0,79.01,79.78,4780610
2024-05-07 00:00:00+05:30,80.05,80.88,79.8,80.06,3407993
2024-05-08 00:00:00+05:30,80.12,80.49,79.5,79.78,3495594
2024-05-09 00:00:00+05:30,80.5,80.93,80.23,80.55,2887479
2024-05-10 00:00:00+05:30,81.9,83.08,81.8,83.01,6718856
2024-05-13 00:00:00+05:30,82.5,83.5,81.61,81.97,4756260
2024-05-14 00:00:00+05:30,82.36,82.84,82.26,82.57,5149096
2024-05-15 00:00:00+05:30,82.6,83.26,82.6,83.09,3078983
2024-05-16 00:00:00+05:30,84.2,84.85,84.12,84.34,6007416
2024-05-17 00:00:00+05:30,84.49,84.98,84.11,84.8,3891266
2024-05-18 00:00:00+05:30,86.0,88.37,86.0,88.37,2188295
2024-05-21 00:00:00+05:30,90.32,91.35,90.09,91.03,9887567
2024-05-22 00:00:00+05:30,91.05,91.8,90.72,90.81,7806411
2024-05-23 00:00:00+05:30,88.94,88.94,87.2,88.06,7507768
2024-05-24 00:00:00+05:30,87.64,88.28,87.33,88.01,5357615
2024-05-27 00:00:00+05:30,88.42,89.28,88.42,88.97,3545244
2024-05-28 00:00:00+05:30,91.12,91.79,90.16,91.2,6138061
2024-05-29 00:00:00+05:30,92.33,93.08,92.1,92.46,5337077
2024-05-30 00:00:00+05:30,91.7,91.79,90.47,90.85,4111219
2024-05-31 00:00:00+05:30,90.0,90.77,89.55,90.6,3400330
2024-06-03 00:00:00+05:30,88.44,88.44,87.0,88.12,11074671
2024-06-04 00:00:00+05:30,89.0,89.49,86.28,87.31,7655983
2024-06-05 00:00:00+05:30,87.0,87.3,86.21,86.77,4160286
2024-06-06 00:00:00+05:30,89.35,89.8,88.21,88.84,4368995
2024-06-07 00:00:00+05:30,90.33,91.85,89.01,89.38,6244962
2024-06-10 00:00:00+05:30,87.2,87.4,86.27,87.34,12480895
2024-06-11 00:00:00+05:30,86.4,86.58,85.83,86.21,10858960
2024-06-12 00:00:00+05:30,87.13,87.14,86.65,86.82,7529094
2024-06-13 00:00:00+05:30,86.49,86.75,86.06,86.58,9025368
2024-06-14 00:00:00+05:30,86.24,86.24,85.67,86.11,13581199
2024-06-18 00:00:00+05:30,87.48,87.49,86.12,86.26,4734222
2024-06-19 00:00:00+05:30,87.48,87.48,86.43,86.92,4234781
2024-06-20 00:00:00+05:30,87.81,88.75,87.81,88.5,5536699
2024-06-21 00:00:00+05:30,89.01,89.48,88.31,88.7,5412371
2024-06-24 00:00:00+05:30,87.29,87.36,86.16,86.99,6130512
2024-06-25 00:00:00+05:30,86.74,86.94,86.02,86.81,5287594
2024-06-26 00:00:00+05:30,85.59,85.64,84.64,85.27,13212096
2024-06-27 00:00:00+05:30,86.0,86.0,84.5,85.06,4862251
2024-06-28 00:00:00+05:30,85.89,86.09,85.23,85.9,3330304
2024-07-01 00:00:00+05:30,87.0,87.0,85.05,85.58,4958530
2024-07-02 00:00:00+05:30,85.66,86.25,85.65,85.95,3650634
2024-07-03 00:00:00+05:30,86.9,87.67,86.33,87.44,5846093
2024-07-04 00:00:00+05:30,88.47,88.48,87.5,87.89,5466784
2024-07-05 00:00:00+05:30,88.69,88.78,88.15,88.68,4989381
2024-07-08 00:00:00+05:30,100.0,100.0,89.12,89.44,4891688
2024-07-09 00:00:00+05:30,89.49,89.94,89.12,89.86,4540484
2024-07-10 00:00:00+05:30,89.55,89.8,89.05,89.7,3856274
2024-07-11 00:00:00+05:30,90.2,90.2,89.8,90.03,3759980
2024-07-12 00:00:00+05:30,90.17,90.4,89.25,89.61,6109009
2024-07-15 00:00:00+05:30,89.92,89.95,89.12,89.4,4894516
2024-07-16 00:00:00+05:30,89.78,89.89,89.4,89.78,3265339
2024-07-18 00:00:00+05:30,89.24,89.52,89.01,89.43,5570956
2024-07-19 00:00:00+05:30,88.19,89.0,86.76,86.91,9735167
2024-07-22 00:00:00+05:30,86.99,86.99,86.06,86.3,4929344
2024-07-23 00:00:00+05:30,86.9,87.1,82.34,83.51,17580132
2024-07-24 00:00:00+05:30,86.01,86.09,82.5,82.91,12159702
2024-07-25 00:00:00+05:30,82.71,82.71,79.52,79.87,21276178
2024-07-26 00:00:00+05:30,79.9,80.39,79.49,79.8,10821154
2024-07-29 00:00:00+05:30,81.01,81.01,80.0,80.36,10627655
2024-07-30 00:00:00+05:30,79.99,80.24,79.7,80.0,7411042
2024-07-31 00:00:00+05:30,81.01,82.0,81.01,81.84,6994609
2024-08-01 00:00:00+05:30,82.05,82.6,82.05,82.34,5723859
2024-08-02 00:00:00+05:30,82.0,82.8,81.91,82.04,6410077
2024-08-05 00:00:00+05:30,82.05,82.05,78.76,78.94,10118044
2024-08-06 00:00:00+05:30,79.16,79.16,76.7,77.29,18412305
2024-08-07 00:00:00+05:30,78.99,79.25,77.52,78.57,9017954
2024-08-08 00:00:00+05:30,78.5,78.5,77.26,77.35,12411158
2024-08-09 00:00:00+05:30,79.36,79.39,78.0,78.7,8936932
2024-08-12 00:00:00+05:30,78.21,79.97,78.21,79.84,7137549
2024-08-13 00:00:00+05:30,79.65,79.77,79.14,79.31,4166578
2024-08-14 00:00:00+05:30,79.48,79.8,79.0,79.62,7600440
2024-08-16 00:00:00+05:30,79.95,80.38,79.71,80.01,5384011
2024-08-19 00:00:00+05:30,81.41,82.3,81.41,82.0,7027306
2024-08-20 00:00:00+05:30,82.33,83.41,82.32,83.37,7020648
2024-08-21 00:00:00+05:30,82.99,83.15,82.71,82.95,6113618
2024-08-22 00:00:00+05:30,83.09,83.09,82.49,82.9,2981229
2024-08-23 00:00:00+05:30,82.25,82.6,81.96,82.48,4066869
2024-08-26 00:00:00+05:30,82.8,84.24,82.71,84.13,7003444
2024-08-27 00:00:00+05:30,83.99,84.31,83.42,83.99,6720490
2024-08-28 00:00:00+05:30,84.18,84.18,82.67,83.29,8329652
2024-08-29 00:00:00+05:30,83.31,83.47,82.85,83.28,8135752
2024-08-30 00:00:00+05:30,83.28,83.3,82.76,83.07,4146694
2024-09-02 00:00:00+05:30,80.88,80.95,80.3,80.89,13184005
2024-09-03 00:00:00+05:30,80.84,80.84,80.41,80.52,4861142
2024-09-04 00:00:00+05:30,79.88,79.88,79.03,79.39,9600605
2024-09-05 00:00:00+05:30,79.81,81.18,79.81,81.08,4484316
2024-09-06 00:00:00+05:30,81.28,81.5,81.0,81.32,4748166
2024-09-09 00:00:00+05:30,80.2,80.2,78.8,79.77,9385558
2024-09-10 00:00:00+05:30,79.99,80.6,79.82,80.34,4100077
2024-09-11 00:00:00+05:30,80.6,81.43,80.43,81.29,4297585
2024-09-12 00:00:00+05:30,81.29,81.48,81.02,81.23,3341320
2024-09-13 00:00:00+05:30,83.56,84.26,83.44,84.12,17133291
2024-09-16 00:00:00+05:30,85.7,86.4,85.7,86.24,18260257
2024-09-17 00:00:00+05:30,86.14,86.14,85.22,85.38,6607543
2024-09-18 00:00:00+05:30,85.19,85.25,84.64,84.96,4958988
2024-09-19 00:00:00+05:30,84.9,86.78,84.5,86.61,9670742
2024-09-20 00:00:00+05:30,86.1,86.65,86.02,86.48,6582957
2024-09-23 00:00:00+05:30,86.48,86.58,84.91,85.35,9108494
2024-09-24 00:00:00+05:30,86.22,86.61,85.7,86.13,6775175
2024-09-25 00:00:00+05:30,88.01,88.48,87.68,88.11,13022745
2024-09-26 00:00:00+05:30,88.8,89.06,88.3,88.99,8690590
2024-09-27 00:00:00+05:30,88.98,88.98,88.01,88.34,8563111
2024-09-30 00:00:00+05:30,87.99,88.45,87.8,88.04,6037780
2024-10-01 00:00:00+05:30,87.64,88.05,87.5,87.67,6719196
2024-10-03 00:00:00+05:30,88.2,90.3,88.03,88.45,9539774
2024-10-04 00:00:00+05:30,89.5,90.12,89.45,89.86,10981123
2024-10-07 00:00:00+05:30,90.3,90.3,89.11,89.43,8924461
2024-10-08 00:00:00+05:30,88.49,88.59,87.08,87.66,9481522
2024-10-09 00:00:00+05:30,86.29,86.41,85.69,86.33,11703683
2024-10-10 00:00:00+05:30,86.7,86.89,85.83,86.25,7646011
2024-10-11 00:00:00+05:30,86.13,88.48,86.13,87.71,4613633
2024-10-14 00:00:00+05:30,87.82,88.51,87.82,88.39,5645476
2024-10-15 00:00:00+05:30,87.95,87.95,86.62,87.63,5746060
2024-10-16 00:00:00+05:30,88.95,89.39,88.45,89.26,7476416
2024-10-17 00:00:00+05:30,88.69,88.9,88.12,88.59,4592094
2024-10-18 00:00:00+05:30,89.33,89.95,89.28,89.81,6990026
2024-10-21 00:00:00+05:30,94.12,95.0,93.82,94.64,19193916
2024-10-22 00:00:00+05:30,94.84,95.15,94.33,94.88,10902584
2024-10-23 00:00:00+05:30,95.62,96.52,95.62,96.11,10002089
2024-10-24 00:00:00+05:30,94.58,95.18,94.08,95.12,10064239
2024-10-25 00:00:00+05:30,93.48,93.55,92.45,92.65,10060342
2024-10-28 00:00:00+05:30,93.23,94.1,93.01,93.63,8614427
2024-10-29 00:00:00+05:30,94.57,95.61,94.45,95.34,10670486
2024-10-30 00:00:00+05:30,95.41,95.95,95.35,95.67,8196468
2024-10-31 00:00:00+05:30,94.4,94.4,93.84,94.27,6807029
2024-11-01 00:00:00+05:30,94.2,94.2,92.21,92.93,9864257
2024-11-04 00:00:00+05:30,92.49,92.49,91.73,92.25,9527214
2024-11-05 00:00:00+05:30,91.57,91.82,91.2,91.71,6980485
2024-11-06 00:00:00+05:30,90.99,91.29,88.7,90.71,14961211
2024-11-07 00:00:00+05:30,88.7,88.7,87.3,87.99,18407050
2024-11-08 00:00:00+05:30,89.02,89.75,88.63,89.13,8058865
2024-11-11 00:00:00+05:30,88.47,88.74,88.11,88.48,5234148
2024-11-12 00:00:00+05:30,87.18,87.19,85.7,85.86,16343242
2024-11-13 00:00:00+05:30,87.22,87.79,87.21,87.61,7247582
2024-11-14 00:00:00+05:30,85.91,85.92,84.55,84.66,15343610
2024-11-18 00:00:00+05:30,86.43,87.09,86.43,86.92,7238539
2024-11-19 00:00:00+05:30,88.22,88.9,88.13,88.82,5771242
2024-11-21 00:00:00+05:30,87.97,88.56,87.53,88.1,5073767
2024-11-22 00:00:00+05:30,87.99,88.75,87.35,88.44,5698188
2024-11-25 00:00:00+05:30,87.44,87.44,86.26,86.87,8617613
2024-11-26 00:00:00+05:30,85.96,86.14,85.24,86.01,8332188
2024-11-27 00:00:00+05:30,86.44,87.04,86.15,86.59,6405061
2024-11-28 00:00:00+05:30,85.19,85.25,84.7,85.15,11256354
2024-11-29 00:00:00+05:30,86.24,87.04,86.13,86.92,12649073
2024-12-02 00:00:00+05:30,86.29,86.29,85.6,86.04,5638538
2024-12-03 00:00:00+05:30,86.85,87.7,86.51,87.63,6484466
2024-12-04 00:00:00+05:30,87.98,88.05,87.45,87.54,4359799
2024-12-05 00:00:00+05:30,88.37,88.95,88.32,88.55,6007405
2024-12-06 00:00:00+05:30,88.68,88.75,88.11,88.49,4016909
2024-12-09 00:00:00+05:30,88.19,88.83,87.61,88.71,5600554
2024-12-10 00:00:00+05:30,90.67,90.89,89.8,90.11,12303027
2024-12-11 00:00:00+05:30,90.99,90.99,89.95,90.05,6000446
2024-12-12 00:00:00+05:30,91.17,91.48,90.52,91.27,5928903
2024-12-13 00:00:00+05:30,88.18,88.18,87.15,87.25,16603538
2024-12-16 00:00:00+05:30,86.99,87.35,86.44,87.27,7605304
2024-12-17 00:00:00+05:30,87.27,87.27,86.15,86.38,7741873
2024-12-18 00:00:00+05:30,86.84,86.94,86.52,86.73,2727684
2024-12-19 00:00:00+05:30,84.99,84.99,84.22,84.68,13721448
2024-12-20 00:00:00+05:30,83.49,83.67,82.87,82.95,11166068
2024-12-23 00:00:00+05:30,84.92,85.57,83.6,85.49,4353703
2024-12-24 00:00:00+05:30,85.8,86.09,85.22,85.3,3417885
2024-12-26 00:00:00+05:30,85.95,85.98,85.2,85.43,3907503
2024-12-27 00:00:00+05:30,85.49,86.2,85.49,85.71,2879734
2024-12-30 00:00:00+05:30,86.85,86.85,84.7,84.95,5290023
2024-12-31 00:00:00+05:30,83.87,83.87,83.26,83.73,6747445
2025-01-01 00:00:00+05:30,83.59,84.25,83.27,83.85,3201447
2025-01-02 00:00:00+05:30,84.69,84.97,84.42,84.84,3824153
2025-01-03 00:00:00+05:30,85.95,85.95,85.2,85.86,5119947
2025-01-06 00:00:00+05:30,85.59,86.0,85.02,85.93,5830813
2025-01-07 00:00:00+05:30,86.72,87.1,86.48,87.07,5033950
2025-01-08 00:00:00+05:30,87.04,87.25,86.68,87.2,4640899
2025-01-09 00:00:00+05:30,87.57,87.57,86.9,87.27,5401960
2025-01-10 00:00:00+05:30,88.5,88.5,87.25,87.54,8610434
2025-01-13 00:00:00+05:30,87.79,88.4,87.14,87.29,12717060
2025-01-14 00:00:00+05:30,86.18,86.54,85.68,86.27,6119434
2025-01-15 00:00:00+05:30,86.7,87.43,86.47,87.32,4692149
2025-01-16 00:00:00+05:30,88.51,89.0,88.4,88.95,9296842
2025-01-17 00:00:00+05:30,88.38,88.39,87.56,87.65,5113613
2025-01-20 00:00:00+05:30,87.38,88.05,87.02,87.73,3015237
2025-01-21 00:00:00+05:30,88.02,88.44,87.72,87.81,4262782
2025-01-22 00:00:00+05:30,88.22,88.75,88.21,88.61,4199983
2025-01-23 00:00:00+05:30,88.5,88.5,87.63,87.85,2513578
2025-01-24 00:00:00+05:30,88.4,88.8,87.86,88.67,4718901
2025-01-27 00:00:00+05:30,87.84,87.94,87.02,87.59,5545733
2025-01-28 00:00:00+05:30,87.18,87.4,86.65,87.1,4582166
2025-01-29 00:00:00+05:30,87.75,88.09,87.63,88.01,4350390
2025-01-30 00:00:00+05:30,88.81,89.55,88.81,89.5,6269956
2025-01-31 00:00:00+05:30,90.02,90.81,90.0,90.67,7846647
2025-02-01 00:00:00+05:30,90.99,91.0,89.77,90.11,3520845
2025-02-03 00:00:00+05:30,90.0,90.65,89.35,90.53,5434913
2025-02-04 00:00:00+05:30,91.0,91.27,90.66,91.09,4219628
2025-02-05 00:00:00+05:30,92.03,93.17,92.02,93.03,10392689
2025-02-06 00:00:00+05:30,92.64,92.64,91.31,91.84,11006298
2025-02-07 00:00:00+05:30,92.12,92.78,92.12,92.73,4161201
2025-02-10 00:00:00+05:30,92.45,93.0,91.9,92.95,5366766
2025-02-11 00:00:00+05:30,92.28,92.28,91.0,91.37,6101960
2025-02-12 00:00:00+05:30,91.37,91.77,90.75,91.29,3820618
2025-02-13 00:00:00+05:30,92.25,92.93,92.23,92.75,4618313
2025-02-14 00:00:00+05:30,93.15,94.85,93.11,94.71,10813160
2025-02-17 00:00:00+05:30,93.99,93.99,92.05,92.86,7447168
2025-02-18 00:00:00+05:30,92.66,93.35,92.66,93.21,4520632
2025-02-19 00:00:00+05:30,93.74,94.69,93.53,94.56,5931501
2025-02-20 00:00:00+05:30,94.48,94.79,94.01,94.56,4267610
2025-02-21 00:00:00+05:30,94.18,94.37,93.69,94.06,5427019
2025-02-24 00:00:00+05:30,93.9,93.97,93.05,93.21,5830280
2025-02-25 00:00:00+05:30,93.2,93.2,92.4,92.91,4493551
2025-02-27 00:00:00+05:30,92.7,92.7,91.22,91.97,6648422
2025-02-28 00:00:00+05:30,90.99,90.99,90.1,90.46,7582604
2025-03-03 00:00:00+05:30,91.0,91.6,90.61,91.41,4918381
2025-03-04 00:00:00+05:30,92.25,92.62,91.8,92.53,4657750
2025-03-05 00:00:00+05:30,93.15,93.39,92.51,93.29,4427612
2025-03-06 00:00:00+05:30,93.64,93.99,93.32,93.52,4464895
2025-03-07 00:00:00+05:30,94.0,94.15,93.71,94.09,4099028
2025-03-10 00:00:00+05:30,94.95,94.95,93.45,94.1,5405947
2025-03-11 00:00:00+05:30,93.4,93.77,92.75,93.65,4227345
2025-03-12 00:00:00+05:30,94.41,95.05,94.38,94.97,6512571
2025-03-13 00:00:00+05:30,95.18,95.8,94.81,95.21,6450093
2025-03-17 00:00:00+05:30,96.74,96.84,96.23,96.48,8680598
2025-03-18 00:00:00+05:30,96.98,97.53,96.76,97.42,7306407
2025-03-19 00:00:00+05:30,97.65,97.74,96.21,96.41,13398538
2025-03-20 00:00:00+05:30,96.78,96.78,95.5,95.84,6212394
2025-03-21 00:00:00+05:30,95.18,95.18,94.02,94.18,7024520
2025-03-24 00:00:00+05:30,94.25,94.75,94.07,94.18,6467169
2025-03-25 00:00:00+05:30,94.18,94.68,94.01,94.57,4811065
2025-03-26 00:00:00+05:30,95.34,96.04,95.33,95.74,5683235
2025-03-27 00:00:00+05:30,96.8,96.8,95.73,95.9,4508669
2025-03-28 00:00:00+05:30,97.02,97.95,97.01,97.6,8137584
2025-04-01 00:00:00+05:30,97.95,97.95,96.4,96.72,9561986
2025-04-02 00:00:00+05:30,96.7,97.01,95.76,96.85,7893352
2025-04-03 00:00:00+05:30,95.38,95.69,93.03,93.29,17528343
2025-04-04 00:00:00+05:30,90.48,90.64,89.06,89.72,21349588
2025-04-07 00:00:00+05:30,86.02,87.35,77.55,87.03,16614717
2025-04-08 00:00:00+05:30,87.75,87.75,86.61,87.44,8320739
2025-04-09 00:00:00+05:30,87.23,88.14,86.48,87.97,9151698
2025-04-11 00:00:00+05:30,89.73,90.58,89.16,90.37,8079694
2025-04-15 00:00:00+05:30,91.81,93.42,91.81,92.22,6931954
2025-04-16 00:00:00+05:30,92.5,94.02,92.18,93.8,10131037
2025-04-17 00:00:00+05:30,92.99,93.07,91.97,92.16,8422078
2025-04-21 00:00:00+05:30,92.71,93.99,92.71,93.0,12119152
2025-04-22 00:00:00+05:30,93.14,93.4,91.9,92.35,11921821
2025-04-23 00:00:00+05:30,92.98,93.77,92.42,93.54,9307481
2025-04-24 00:00:00+05:30,94.21,94.96,94.21,94.65,7320869
2025-04-25 00:00:00+05:30,94.97,94.97,94.08,94.65,10525954
2025-04-28 00:00:00+05:30,94.95,94.95,92.77,93.16,12948986
2025-04-29 00:00:00+05:30,93.01,94.8,93.01,94.67,12888237
2025-04-30 00:00:00+05:30,93.88,93.88,91.4,91.62,25111094
2025-05-02 00:00:00+05:30,91.62,92.67,91.29,91.67,9963230
2025-05-05 00:00:00+05:30,91.08,91.56,90.47,91.41,7669295
2025-05-06 00:00:00+05:30,92.63,93.22,92.62,93.02,7160924
2025-05-07 00:00:00+05:30,93.29,93.39,92.61,92.78,5607365
2025-05-08 00:00:00+05:30,92.76,92.91,91.32,92.59,6922532
2025-05-09 00:00:00+05:30,92.59,93.22,92.34,93.03,5463663
2025-05-12 00:00:00+05:30,92.88,93.22,90.86,91.44,9818744
2025-05-13 00:00:00+05:30,93.45,94.14,92.52,93.91,9045601
2025-05-14 00:00:00+05:30,92.99,93.45,92.7,93.33,5753140
2025-05-15 00:00:00+05:30,91.56,91.64,90.75,91.5,15157485
2025-05-16 00:00:00+05:30,92.32,92.75,92.11,92.27,6016197
2025-05-19 00:00:00+05:30,92.33,92.91,92.13,92.81,6453279
2025-05-20 00:00:00+05:30,92.17,92.57,91.75,92.51,6629625
2025-05-21 00:00:00+05:30,94.04,94.44,93.85,94.26,11883172
2025-05-22 00:00:00+05:30,95.16,95.56,94.3,94.45,11449044
2025-05-23 00:00:00+05:30,94.49,94.71,93.91,94.02,5106629
2025-05-26 00:00:00+05:30,94.94,95.0,94.13,94.55,6280627
2025-05-27 00:00:00+05:30,94.53,94.79,93.9,94.05,4643649
2025-05-28 00:00:00+05:30,94.43,94.98,94.42,94.89,4084373
2025-05-29 00:00:00+05:30,94.59,94.95,94.18,94.63,4043662
2025-05-30 00:00:00+05:30,94.44,94.55,93.65,94.35,5594027
2025-06-02 00:00:00+05:30,94.33,95.1,93.81,94.62,5801276
2025-06-03 00:00:00+05:30,96.2,97.25,96.05,97.16,21222360
2025-06-04 00:00:00+05:30,98.0,98.19,97.52,98.1,6682380
2025-06-05 00:00:00+05:30,98.57,101.31,97.92,100.72,13429315
2025-06-06 00:00:00+05:30,102.77,102.99,101.66,102.41,16301468
2025-06-09 00:00:00+05:30,102.41,103.27,102.12,102.99,18318181
2025-06-10 00:00:00+05:30,103.11,104.25,103.11,103.87,12471056
2025-06-11 00:00:00+05:30,103.45,103.95,102.1,102.78,14015315
2025-06-12 00:00:00+05:30,103.37,103.37,100.72,102.06,15776314
2025-06-13 00:00:00+05:30,103.56,103.81,102.6,103.71,11061672
2025-06-16 00:00:00+05:30,104.88,106.5,103.16,103.57,13272697
2025-06-17 00:00:00+05:30,103.38,104.34,102.94,104.19,9164547
2025-06-18 00:00:00+05:30,105.75,106.35,105.75,106.23,16547298
2025-06-19 00:00:00+05:30,105.75,105.75,103.65,104.13,14424864
2025-06-20 00:00:00+05:30,102.97,103.41,101.85,103.31,14791461
2025-06-23 00:00:00+05:30,103.31,103.99,103.3,103.76,7580706
2025-06-24 00:00:00+05:30,103.48,103.48,102.3,102.71,11607644
2025-06-25 00:00:00+05:30,102.22,102.78,101.8,101.88,11321642
2025-06-26 00:00:00+05:30,103.89,104.1,102.9,103.93,9140441
2025-06-27 00:00:00+05:30,106.0,106.0,101.35,101.66,12033167
2025-06-30 00:00:00+05:30,102.55,102.73,102.02,102.47,14581367
2025-07-01 00:00:00+05:30,102.46,103.56,102.13,103.42,10015937
2025-07-02 00:00:00+05:30,102.48,102.8,101.91,102.7,10057252
2025-07-03 00:00:00+05:30,103.03,104.45,103.02,103.87,10680247
2025-07-04 00:00:00+05:30,104.16,104.18,103.5,103.9,9051536
2025-07-07 00:00:00+05:30,104.39,104.39,103.07,103.79,8720372
2025-07-08 00:00:00+05:30,104.33,104.33,103.91,104.09,5376193
2025-07-09 00:00:00+05:30,103.87,103.98,103.26,103.59,20471057
2025-07-10 00:00:00+05:30,103.54,103.93,103.13,103.71,6889568
2025-07-11 00:00:00+05:30,105.51,106.78,105.51,106.69,21756787
2025-07-14 00:00:00+05:30,109.0,110.17,108.52,110.02,21780109
2025-07-15 00:00:00+05:30,108.18,108.44,107.53,108.23,15779516
2025-07-16 00:00:00+05:30,107.5,107.93,107.0,107.79,13945240
2025-07-17 00:00:00+05:30,107.98,107.98,107.0,107.14,8502030
2025-07-18 00:00:00+05:30,109.81,109.81,108.12,109.11,13300521
2025-07-21 00:00:00+05:30,109.29,109.52,108.35,109.37,11482985
2025-07-22 00:00:00+05:30,110.05,110.7,109.85,110.2,13560169
2025-07-23 00:00:00+05:30,110.99,112.2,110.31,112.01,15076720
2025-07-24 00:00:00+05:30,110.32,111.23,110.32,110.91,13904269
2025-07-25 00:00:00+05:30,111.24,111.39,110.53,110.68,8551675
2025-07-28 00:00:00+05:30,109.29,109.31,108.84,109.05,11445275
2025-07-29 00:00:00+05:30,109.48,109.63,108.71,109.52,9985342
2025-07-30 00:00:00+05:30,109.98,109.98,109.41,109.88,7094410
2025-07-31 00:00:00+05:30,107.87,107.98,106.71,106.9,16229732
2025-08-01 00:00:00+05:30,106.31,106.4,105.42,105.71,13325845
2025-08-04 00:00:00+05:30,107.35,108.37,107.0,108.09,9244106
2025-08-05 00:00:00+05:30,108.55,108.94,108.16,108.66,9715948
2025-08-06 00:00:00+05:30,109.4,109.74,108.9,109.18,8696556
2025-08-07 00:00:00+05:30,110.07,110.84,109.81,110.58,10114401
2025-08-08 00:00:00+05:30,110.9,111.48,110.5,110.97,11446933
2025-08-11 00:00:00+05:30,110.2,110.4,108.78,109.52,13239457
2025-08-12 00:00:00+05:30,109.52,109.78,109.1,109.26,7506625
